ticket_id,session_id,guest_id,seat_number,ticket_price
1,30,94,J20,18.5
2,57,78,E20,18.5
3,79,88,K6,15.0
4,134,32,J17,15.0
5,70,2,H12,18.5
6,4,60,J2,15.0
7,111,75,G8,18.5
8,36,40,G7,15.0
9,115,51,B20,12.5
10,18,47,K4,15.0
11,146,28,J2,12.5
12,132,26,B9,15.0
13,147,54,H19,18.5
14,118,28,D17,18.5
15,54,96,K5,12.5
16,18,8,A9,12.5
17,142,57,B5,18.5
18,13,36,C3,12.5
19,128,7,J7,15.0
20,107,37,J7,12.5
21,37,46,B6,15.0
22,75,16,J17,18.5
23,36,43,F6,18.5
24,28,10,B20,18.5
25,87,15,B5,15.0
26,30,59,J16,12.5
27,117,95,B3,15.0
28,64,75,H3,15.0
29,116,6,K6,12.5
30,66,66,H1,12.5
31,42,10,A16,18.5
32,8,49,K3,18.5
33,132,52,J12,18.5
34,129,51,C4,18.5
35,30,39,H12,18.5
36,138,74,C3,15.0
37,48,39,E6,18.5
38,51,64,E5,15.0
39,105,71,K9,15.0
40,150,14,C11,12.5
41,89,50,G1,12.5
42,29,68,B14,15.0
43,111,47,J17,15.0
44,99,64,K1,15.0
45,58,96,C15,18.5
46,73,80,C2,12.5
47,79,24,E1,15.0
48,25,57,K4,12.5
49,48,86,E17,18.5
50,63,91,F9,18.5
51,133,61,A1,18.5
52,74,36,G15,18.5
53,17,46,C10,12.5
54,9,100,J17,18.5
55,80,35,D6,18.5
56,24,36,D1,12.5
57,115,29,K9,15.0
58,96,16,J9,18.5
59,78,2,D4,18.5
60,59,30,C2,15.0
61,50,79,J3,15.0
62,85,30,E20,12.5
63,147,83,B13,18.5
64,149,73,J18,18.5
65,109,31,C1,18.5
66,30,16,J14,12.5
67,77,50,J20,18.5
68,78,12,J18,15.0
69,41,57,E2,18.5
70,49,13,H20,15.0
71,144,8,E10,12.5
72,29,84,K20,15.0
73,21,49,E8,18.5
74,86,69,C19,15.0
75,18,61,D16,12.5
76,110,70,B18,15.0
77,86,15,G12,12.5
78,6,96,H15,12.5
79,54,18,E1,15.0
80,128,22,C8,12.5
81,83,80,H1,18.5
82,77,10,F15,18.5
83,43,52,G6,15.0
84,51,65,C5,15.0
85,119,28,G9,15.0
86,83,38,H19,12.5
87,103,97,D6,15.0
88,29,100,B2,18.5
89,137,22,A5,15.0
90,144,81,A7,12.5
91,97,23,D2,12.5
92,107,92,A2,12.5
93,38,78,G14,12.5
94,72,86,C16,18.5
95,86,39,H13,15.0
96,84,43,D11,12.5
97,29,48,F8,12.5
98,43,48,H8,15.0
99,16,11,E4,12.5
100,45,96,B15,18.5
101,131,96,J20,12.5
102,23,27,F17,15.0
103,104,30,J16,18.5
104,64,99,G8,15.0
105,52,79,B6,12.5
106,33,58,C2,12.5
107,18,7,F7,18.5
108,10,61,D19,18.5
109,35,53,G10,15.0
110,94,83,B7,15.0
111,141,71,D10,12.5
112,4,8,E18,18.5
113,127,86,G9,12.5
114,88,4,B20,18.5
115,136,54,J16,12.5
116,79,16,B12,15.0
117,63,78,H7,12.5
118,48,53,C18,15.0
119,148,1,A9,18.5
120,7,72,B3,18.5
121,14,83,D4,18.5
122,142,30,D15,18.5
123,11,27,H3,12.5
124,113,32,G7,15.0
125,34,47,H15,18.5
126,117,20,G10,18.5
127,78,63,G17,15.0
128,94,92,F7,18.5
129,87,85,E17,15.0
130,83,4,K17,12.5
131,27,60,H12,15.0
132,64,69,A11,12.5
133,99,97,K20,12.5
134,19,79,E8,15.0
135,99,96,B18,12.5
136,30,41,J3,15.0
137,111,97,E10,18.5
138,27,84,B17,15.0
139,68,53,C20,15.0
140,116,19,B6,15.0
141,41,100,D13,15.0
142,148,13,D14,18.5
143,124,82,A19,12.5
144,83,22,H11,12.5
145,61,64,J8,15.0
146,65,60,F10,12.5
147,41,42,B15,12.5
148,133,64,G1,12.5
149,83,14,A5,18.5
150,16,48,J12,12.5
151,93,36,D3,18.5
152,142,3,C16,12.5
153,44,70,G6,18.5
154,134,53,D4,18.5
155,1,78,B10,12.5
156,55,16,F5,18.5
157,102,27,B7,18.5
158,112,11,C14,12.5
159,122,40,F17,18.5
160,48,5,G17,15.0
161,102,8,B1,18.5
162,4,99,G13,15.0
163,123,15,D19,18.5
164,43,88,H19,15.0
165,115,18,B11,15.0
166,81,55,C19,15.0
167,123,46,J4,18.5
168,6,43,B12,15.0
169,5,95,B6,15.0
170,136,21,H11,15.0
171,88,49,K1,15.0
172,5,66,K12,12.5
173,17,3,B20,18.5
174,109,79,H3,18.5
175,34,54,C3,18.5
176,3,73,F11,15.0
177,135,37,C19,18.5
178,2,72,D19,18.5
179,105,5,K17,12.5
180,18,65,H2,18.5
181,106,50,H16,12.5
182,141,52,A10,15.0
183,61,43,J5,15.0
184,137,51,C11,18.5
185,13,92,G1,18.5
186,69,22,B3,18.5
187,75,36,A15,15.0
188,56,27,D5,15.0
189,133,2,D8,12.5
190,96,92,J1,18.5
191,56,2,G19,18.5
192,141,2,D17,15.0
193,116,58,H17,18.5
194,90,22,B9,15.0
195,125,91,E19,15.0
196,26,89,K17,15.0
197,98,9,J5,15.0
198,131,97,E14,15.0
199,6,65,J8,12.5
200,100,53,E12,12.5
201,96,59,K3,18.5
202,45,56,G2,15.0
203,91,35,F10,12.5
204,32,5,J11,15.0
205,11,51,D3,18.5
206,144,71,K14,18.5
207,62,80,J4,15.0
208,3,64,K6,18.5
209,134,27,B9,12.5
210,45,7,J1,18.5
211,17,29,D16,12.5
212,71,22,A8,15.0
213,115,5,B12,15.0
214,73,30,F19,12.5
215,95,60,C16,15.0
216,25,52,B6,12.5
217,136,16,K4,18.5
218,87,86,G7,12.5
219,25,50,E8,12.5
220,41,61,A4,12.5
221,146,12,J15,18.5
222,140,57,B14,12.5
223,65,67,A12,15.0
224,147,28,F18,18.5
225,78,9,E11,12.5
226,85,68,C19,12.5
227,124,87,F14,15.0
228,109,19,C9,12.5
229,12,21,A18,15.0
230,65,83,K7,12.5
231,104,64,H8,12.5
232,95,33,B16,18.5
233,72,21,A11,18.5
234,126,53,C2,18.5
235,48,10,K14,18.5
236,118,23,K10,15.0
237,42,40,K20,15.0
238,69,77,J1,15.0
239,67,22,A12,15.0
240,6,74,J4,15.0
241,116,22,H17,18.5
242,81,13,K6,15.0
243,56,95,K5,15.0
244,71,22,H1,12.5
245,22,91,D16,15.0
246,83,71,F10,18.5
247,57,92,E4,15.0
248,47,69,E11,15.0
249,82,32,K9,18.5
250,134,49,G9,12.5
