movie_id,poster_link,series_title,released_year,runtime_in_min,genre,overview,revenue,credits
1,"https://m.media-amazon.com/images/M/MV5BOTAzODEzNDAzMl5BMl5BanBnXkFtZTgwMDU1MTgzNzE@._V1_UX67_CR0,0,67,98_AL_.jpg",Star Wars: Episode VII - The Force Awakens,2015,138,"Action, Adventure, Sci-Fi","As a new threat to the galaxy rises, Rey, a desert scavenger, and Finn, an ex-stormtrooper, must join Han Solo and Chewbacca to search for the one hope of restoring peace.",936662225.0,"{""director"": ""J.J. Abrams"", ""cast"": [""Daisy Ridley"", ""John Boyega"", ""Oscar Isaac"", ""Domhnall Gleeson""]}"
2,"https://m.media-amazon.com/images/M/MV5BMTc5MDE2ODcwNV5BMl5BanBnXkFtZTgwMzI2NzQ2NzM@._V1_UX67_CR0,0,67,98_AL_.jpg",Avengers: Endgame,2019,181,"Action, Adventure, Drama","After the devastating events of Avengers: Infinity War (2018), the universe is in ruins. With the help of remaining allies, the Avengers assemble once more in order to reverse Thanos' actions and restore balance to the universe.",858373000.0,"{""director"": ""Anthony Russo"", ""cast"": [""Joe Russo"", ""Robert Downey Jr."", ""Chris Evans"", ""Mark Ruffalo""]}"
3,"https://m.media-amazon.com/images/M/MV5BMTYwOTEwNjAzMl5BMl5BanBnXkFtZTcwODc5MTUwMw@@._V1_UX67_CR0,0,67,98_AL_.jpg",Avatar,2009,162,"Action, Adventure, Fantasy",A paraplegic Marine dispatched to the moon Pandora on a unique mission becomes torn between following his orders and protecting the world he feels is his home.,760507625.0,"{""director"": ""James Cameron"", ""cast"": [""Sam Worthington"", ""Zoe Saldana"", ""Sigourney Weaver"", ""Michelle Rodriguez""]}"
4,"https://m.media-amazon.com/images/M/MV5BMjMxNjY2MDU1OV5BMl5BanBnXkFtZTgwNzY1MTUwNTM@._V1_UX67_CR0,0,67,98_AL_.jpg",Avengers: Infinity War,2018,149,"Action, Adventure, Sci-Fi",The Avengers and their allies must be willing to sacrifice all in an attempt to defeat the powerful Thanos before his blitz of devastation and ruin puts an end to the universe.,678815482.0,"{""director"": ""Anthony Russo"", ""cast"": [""Joe Russo"", ""Robert Downey Jr."", ""Chris Hemsworth"", ""Mark Ruffalo""]}"
5,"https://m.media-amazon.com/images/M/MV5BMDdmZGU3NDQtY2E5My00ZTliLWIzOTUtMTY4ZGI1YjdiNjk3XkEyXkFqcGdeQXVyNTA4NzY1MzY@._V1_UX67_CR0,0,67,98_AL_.jpg",Titanic,1997,194,"Drama, Romance","A seventeen-year-old aristocrat falls in love with a kind but poor artist aboard the luxurious, ill-fated R.M.S. Titanic.",659325379.0,"{""director"": ""James Cameron"", ""cast"": [""Leonardo DiCaprio"", ""Kate Winslet"", ""Billy Zane"", ""Kathy Bates""]}"
6,"https://m.media-amazon.com/images/M/MV5BNDYxNjQyMjAtNTdiOS00NGYwLWFmNTAtNThmYjU5ZGI2YTI1XkEyXkFqcGdeQXVyMTMxODk2OTU@._V1_UX67_CR0,0,67,98_AL_.jpg",The Avengers,2012,143,"Action, Adventure, Sci-Fi",Earth's mightiest heroes must come together and learn to fight as a team if they are going to stop the mischievous Loki and his alien army from enslaving humanity.,623279547.0,"{""director"": ""Joss Whedon"", ""cast"": [""Robert Downey Jr."", ""Chris Evans"", ""Scarlett Johansson"", ""Jeremy Renner""]}"
7,"https://m.media-amazon.com/images/M/MV5BMTEzNzY0OTg0NTdeQTJeQWpwZ15BbWU4MDU3OTg3MjUz._V1_UX67_CR0,0,67,98_AL_.jpg",Incredibles 2,2018,118,"Animation, Action, Adventure",The Incredibles family takes on a new mission which involves a change in family roles: Bob Parr (Mr. Incredible) must manage the house while his wife Helen (Elastigirl) goes out to save the world.,608581744.0,"{""director"": ""Brad Bird"", ""cast"": [""Craig T. Nelson"", ""Holly Hunter"", ""Sarah Vowell"", ""Huck Milner""]}"
8,"https://m.media-amazon.com/images/M/MV5BMTMxNTMwODM0NF5BMl5BanBnXkFtZTcwODAyMTk2Mw@@._V1_UX67_CR0,0,67,98_AL_.jpg",The Dark Knight,2008,152,"Action, Crime, Drama","When the menace known as the Joker wreaks havoc and chaos on the people of Gotham, Batman must accept one of the greatest psychological and physical tests of his ability to fight injustice.",534858444.0,"{""director"": ""Christopher Nolan"", ""cast"": [""Christian Bale"", ""Heath Ledger"", ""Aaron Eckhart"", ""Michael Caine""]}"
9,"https://m.media-amazon.com/images/M/MV5BMjEwMzMxODIzOV5BMl5BanBnXkFtZTgwNzg3OTAzMDI@._V1_UX67_CR0,0,67,98_AL_.jpg",Rogue One,2016,133,"Action, Adventure, Sci-Fi",The daughter of an Imperial scientist joins the Rebel Alliance in a risky move to steal the plans for the Death Star.,532177324.0,"{""director"": ""Gareth Edwards"", ""cast"": [""Felicity Jones"", ""Diego Luna"", ""Alan Tudyk"", ""Donnie Yen""]}"
10,"https://m.media-amazon.com/images/M/MV5BMTk4ODQzNDY3Ml5BMl5BanBnXkFtZTcwODA0NTM4Nw@@._V1_UX67_CR0,0,67,98_AL_.jpg",The Dark Knight Rises,2012,164,"Action, Adventure","Eight years after the Joker's reign of anarchy, Batman, with the help of the enigmatic Catwoman, is forced from his exile to save Gotham City from the brutal guerrilla terrorist Bane.",448139099.0,"{""director"": ""Christopher Nolan"", ""cast"": [""Christian Bale"", ""Tom Hardy"", ""Anne Hathaway"", ""Gary Oldman""]}"
11,"https://m.media-amazon.com/images/M/MV5BMTQ2ODFlMDAtNzdhOC00ZDYzLWE3YTMtNDU4ZGFmZmJmYTczXkEyXkFqcGdeQXVyMTQxNzMzNDI@._V1_UX67_CR0,0,67,98_AL_.jpg",E.T. the Extra-Terrestrial,1982,115,"Family, Sci-Fi",A troubled child summons the courage to help a friendly alien escape Earth and return to his home world.,435110554.0,"{""director"": ""Steven Spielberg"", ""cast"": [""Henry Thomas"", ""Drew Barrymore"", ""Peter Coyote"", ""Dee Wallace""]}"
12,"https://m.media-amazon.com/images/M/MV5BMTYzMDM4NzkxOV5BMl5BanBnXkFtZTgwNzM1Mzg2NzM@._V1_UX67_CR0,0,67,98_AL_.jpg",Toy Story 4,2019,100,"Animation, Adventure, Comedy","When a new toy called ""Forky"" joins Woody and the gang, a road trip alongside old and new friends reveals how big the world can be for a toy.",434038008.0,"{""director"": ""Josh Cooley"", ""cast"": [""Tom Hanks"", ""Tim Allen"", ""Annie Potts"", ""Tony Hale""]}"
13,"https://m.media-amazon.com/images/M/MV5BYTYxNGMyZTYtMjE3MS00MzNjLWFjNmYtMDk3N2FmM2JiM2M1XkEyXkFqcGdeQXVyNjY5NDU4NzI@._V1_UX67_CR0,0,67,98_AL_.jpg",The Lion King,1994,88,"Animation, Adventure, Drama","Lion prince Simba and his father are targeted by his bitter uncle, who wants to ascend the throne himself.",422783777.0,"{""director"": ""Roger Allers"", ""cast"": [""Rob Minkoff"", ""Matthew Broderick"", ""Jeremy Irons"", ""James Earl Jones""]}"
14,"https://m.media-amazon.com/images/M/MV5BMTgxOTY4Mjc0MF5BMl5BanBnXkFtZTcwNTA4MDQyMw@@._V1_UY98_CR1,0,67,98_AL_.jpg",Toy Story 3,2010,103,"Animation, Adventure, Comedy","The toys are mistakenly delivered to a day-care center instead of the attic right before Andy leaves for college, and it's up to Woody to convince the other toys that they weren't abandoned and to return home.",415004880.0,"{""director"": ""Lee Unkrich"", ""cast"": [""Tom Hanks"", ""Tim Allen"", ""Joan Cusack"", ""Ned Beatty""]}"
15,"https://m.media-amazon.com/images/M/MV5BMjQ0MTgyNjAxMV5BMl5BanBnXkFtZTgwNjUzMDkyODE@._V1_UX67_CR0,0,67,98_AL_.jpg",Captain America: Civil War,2016,147,"Action, Adventure, Sci-Fi",Political involvement in the Avengers' affairs causes a rift between Captain America and Iron Man.,408084349.0,"{""director"": ""Anthony Russo"", ""cast"": [""Joe Russo"", ""Chris Evans"", ""Robert Downey Jr."", ""Scarlett Johansson""]}"
16,"https://m.media-amazon.com/images/M/MV5BMjM2MDgxMDg0Nl5BMl5BanBnXkFtZTgwNTM2OTM5NDE@._V1_UX67_CR0,0,67,98_AL_.jpg",Jurassic Park,1993,127,"Action, Adventure, Sci-Fi",A pragmatic paleontologist visiting an almost complete theme park is tasked with protecting a couple of kids after a power failure causes the park's cloned dinosaurs to run loose.,402453882.0,"{""director"": ""Steven Spielberg"", ""cast"": [""Sam Neill"", ""Laura Dern"", ""Jeff Goldblum"", ""Richard Attenborough""]}"
17,"https://m.media-amazon.com/images/M/MV5BNjM0NTc0NzItM2FlYS00YzEwLWE0YmUtNTA2ZWIzODc2OTgxXkEyXkFqcGdeQXVyNTgwNzIyNzg@._V1_UX67_CR0,0,67,98_AL_.jpg",Guardians of the Galaxy Vol. 2,2017,136,"Action, Adventure, Comedy","The Guardians struggle to keep together as a team while dealing with their personal family issues, notably Star-Lord's encounter with his father the ambitious celestial being Ego.",389813101.0,"{""director"": ""James Gunn"", ""cast"": [""Chris Pratt"", ""Zoe Saldana"", ""Dave Bautista"", ""Vin Diesel""]}"
18,"https://m.media-amazon.com/images/M/MV5BMGVmMWNiMDktYjQ0Mi00MWIxLTk0N2UtN2ZlYTdkN2IzNDNlXkEyXkFqcGdeQXVyODE5NzE3OTE@._V1_UX67_CR0,0,67,98_AL_.jpg",Harry Potter and the Deathly Hallows: Part 2,2011,130,"Adventure, Drama, Fantasy","Harry, Ron, and Hermione search for Voldemort's remaining Horcruxes in their effort to destroy the Dark Lord as the final battle rages on at Hogwarts.",381011219.0,"{""director"": ""David Yates"", ""cast"": [""Daniel Radcliffe"", ""Emma Watson"", ""Rupert Grint"", ""Michael Gambon""]}"
19,"https://m.media-amazon.com/images/M/MV5BZTAzNWZlNmUtZDEzYi00ZjA5LWIwYjEtZGM1NWE1MjE4YWRhXkEyXkFqcGdeQXVyNjU0OTQ0OTY@._V1_UX67_CR0,0,67,98_AL_.jpg",Finding Nemo,2003,100,"Animation, Adventure, Comedy","After his son is captured in the Great Barrier Reef and taken to Sydney, a timid clownfish sets out on a journey to bring him home.",380843261.0,"{""director"": ""Andrew Stanton"", ""cast"": [""Lee Unkrich"", ""Albert Brooks"", ""Ellen DeGeneres"", ""Alexander Gould""]}"
20,"https://m.media-amazon.com/images/M/MV5BNzA5ZDNlZWMtM2NhNS00NDJjLTk4NDItYTRmY2EwMWZlMTY3XkEyXkFqcGdeQXVyNzkwMjQ5NzM@._V1_UX67_CR0,0,67,98_AL_.jpg",The Lord of the Rings: The Return of the King,2003,201,"Action, Adventure, Drama",Gandalf and Aragorn lead the World of Men against Sauron's army to draw his gaze from Frodo and Sam as they approach Mount Doom with the One Ring.,377845905.0,"{""director"": ""Peter Jackson"", ""cast"": [""Elijah Wood"", ""Viggo Mortensen"", ""Ian McKellen"", ""Orlando Bloom""]}"
21,"https://m.media-amazon.com/images/M/MV5BYzE5MjY1ZDgtMTkyNC00MTMyLThhMjAtZGI5OTE1NzFlZGJjXkEyXkFqcGdeQXVyNjU0OTQ0OTY@._V1_UX67_CR0,0,67,98_AL_.jpg",Deadpool,2016,108,"Action, Adventure, Comedy","A wisecracking mercenary gets experimented on and becomes immortal but ugly, and sets out to track down the man who ruined his looks.",363070709.0,"{""director"": ""Tim Miller"", ""cast"": [""Ryan Reynolds"", ""Morena Baccarin"", ""T.J. Miller"", ""Ed Skrein""]}"
22,"https://m.media-amazon.com/images/M/MV5BOTgxMDQwMDk0OF5BMl5BanBnXkFtZTgwNjU5OTg2NDE@._V1_UX67_CR0,0,67,98_AL_.jpg",Inside Out,2015,95,"Animation, Adventure, Comedy","After young Riley is uprooted from her Midwest life and moved to San Francisco, her emotions - Joy, Fear, Anger, Disgust and Sadness - conflict on how best to navigate a new city, house, and school.",356461711.0,"{""director"": ""Pete Docter"", ""cast"": [""Ronnie Del Carmen"", ""Amy Poehler"", ""Bill Hader"", ""Lewis Black""]}"
23,"https://m.media-amazon.com/images/M/MV5BZGMxZTdjZmYtMmE2Ni00ZTdkLWI5NTgtNjlmMjBiNzU2MmI5XkEyXkFqcGdeQXVyNjU0OTQ0OTY@._V1_UX67_CR0,0,67,98_AL_.jpg",The Lord of the Rings: The Two Towers,2002,179,"Action, Adventure, Drama","While Frodo and Sam edge closer to Mordor with the help of the shifty Gollum, the divided fellowship makes a stand against Sauron's new ally, Saruman, and his hordes of Isengard.",342551365.0,"{""director"": ""Peter Jackson"", ""cast"": [""Elijah Wood"", ""Ian McKellen"", ""Viggo Mortensen"", ""Orlando Bloom""]}"
24,"https://m.media-amazon.com/images/M/MV5BOTMyMjEyNzIzMV5BMl5BanBnXkFtZTgwNzIyNjU0NzE@._V1_UX67_CR0,0,67,98_AL_.jpg",Zootopia,2016,108,"Animation, Adventure, Comedy","In a city of anthropomorphic animals, a rookie bunny cop and a cynical con artist fox must work together to uncover a conspiracy.",341268248.0,"{""director"": ""Byron Howard"", ""cast"": [""Rich Moore"", ""Jared Bush"", ""Ginnifer Goodwin"", ""Jason Bateman""]}"
25,"https://m.media-amazon.com/images/M/MV5BNGVjNWI4ZGUtNzE0MS00YTJmLWE0ZDctN2ZiYTk2YmI3NTYyXkEyXkFqcGdeQXVyMTkxNjUyNQ@@._V1_UX67_CR0,0,67,98_AL_.jpg",Joker,2019,122,"Crime, Drama, Thriller","In Gotham City, mentally troubled comedian Arthur Fleck is disregarded and mistreated by society. He then embarks on a downward spiral of revolution and bloody crime. This path brings him face-to-face with his alter-ego: the Joker.",335451311.0,"{""director"": ""Todd Phillips"", ""cast"": [""Joaquin Phoenix"", ""Robert De Niro"", ""Zazie Beetz"", ""Frances Conroy""]}"
26,"https://m.media-amazon.com/images/M/MV5BMTAwMjU5OTgxNjZeQTJeQWpwZ15BbWU4MDUxNDYxODEx._V1_UX67_CR0,0,67,98_AL_.jpg",Guardians of the Galaxy,2014,121,"Action, Adventure, Comedy",A group of intergalactic criminals must pull together to stop a fanatical warrior with plans to purge the universe.,333176600.0,"{""director"": ""James Gunn"", ""cast"": [""Chris Pratt"", ""Vin Diesel"", ""Bradley Cooper"", ""Zoe Saldana""]}"
27,"https://m.media-amazon.com/images/M/MV5BNWIwODRlZTUtY2U3ZS00Yzg1LWJhNzYtMmZiYmEyNmU1NjMzXkEyXkFqcGdeQXVyMTQxNzMzNDI@._V1_UY98_CR0,0,67,98_AL_.jpg",Forrest Gump,1994,142,"Drama, Romance","The presidencies of Kennedy and Johnson, the events of Vietnam, Watergate and other historical events unfold through the perspective of an Alabama man with an IQ of 75, whose only desire is to be reunited with his childhood sweetheart.",330252182.0,"{""director"": ""Robert Zemeckis"", ""cast"": [""Tom Hanks"", ""Robin Wright"", ""Gary Sinise"", ""Sally Field""]}"
28,"https://m.media-amazon.com/images/M/MV5BNjk1Njk3YjctMmMyYS00Y2I4LThhMzktN2U0MTMyZTFlYWQ5XkEyXkFqcGdeQXVyODM2ODEzMDA@._V1_UY98_CR15,0,67,98_AL_.jpg",Deadpool 2,2018,119,"Action, Adventure, Comedy","Foul-mouthed mutant mercenary Wade Wilson (a.k.a. Deadpool), brings together a team of fellow mutant rogues to protect a young boy with supernatural abilities from the brutal, time-traveling cyborg Cable.",324591735.0,"{""director"": ""David Leitch"", ""cast"": [""Ryan Reynolds"", ""Josh Brolin"", ""Morena Baccarin"", ""Julian Dennison""]}"
29,"https://m.media-amazon.com/images/M/MV5BNzVlY2MwMjktM2E4OS00Y2Y3LWE3ZjctYzhkZGM3YzA1ZWM2XkEyXkFqcGdeQXVyNzkwMjQ5NzM@._V1_UX67_CR0,0,67,98_AL_.jpg",Star Wars,1977,121,"Action, Adventure, Fantasy","Luke Skywalker joins forces with a Jedi Knight, a cocky pilot, a Wookiee and two droids to save the galaxy from the Empire's world-destroying battle station, while also attempting to rescue Princess Leia from the mysterious Darth Vader.",322740140.0,"{""director"": ""George Lucas"", ""cast"": [""Mark Hamill"", ""Harrison Ford"", ""Carrie Fisher"", ""Alec Guinness""]}"
30,"https://m.media-amazon.com/images/M/MV5BMTczNTI2ODUwOF5BMl5BanBnXkFtZTcwMTU0NTIzMw@@._V1_UX67_CR0,0,67,98_AL_.jpg",Iron Man,2008,126,"Action, Adventure, Sci-Fi","After being held captive in an Afghan cave, billionaire engineer Tony Stark creates a unique weaponized suit of armor to fight evil.",318412101.0,"{""director"": ""Jon Favreau"", ""cast"": [""Robert Downey Jr."", ""Gwyneth Paltrow"", ""Terrence Howard"", ""Jeff Bridges""]}"
31,"https://m.media-amazon.com/images/M/MV5BNjQ3NWNlNmQtMTE5ZS00MDdmLTlkZjUtZTBlM2UxMGFiMTU3XkEyXkFqcGdeQXVyNjUwNzk3NDc@._V1_UX67_CR0,0,67,98_AL_.jpg",Harry Potter and the Sorcerer's Stone,2001,152,"Adventure, Family, Fantasy","An orphaned boy enrolls in a school of wizardry, where he learns the truth about himself, his family and the terrible evil that haunts the magical world.",317575550.0,"{""director"": ""Chris Columbus"", ""cast"": [""Daniel Radcliffe"", ""Rupert Grint"", ""Richard Harris"", ""Maggie Smith""]}"
32,"https://m.media-amazon.com/images/M/MV5BN2EyZjM3NzUtNWUzMi00MTgxLWI0NTctMzY4M2VlOTdjZWRiXkEyXkFqcGdeQXVyNDUzOTQ5MjY@._V1_UX67_CR0,0,67,98_AL_.jpg",The Lord of the Rings: The Fellowship of the Ring,2001,178,"Action, Adventure, Drama",A meek Hobbit from the Shire and eight companions set out on a journey to destroy the powerful One Ring and save Middle-earth from the Dark Lord Sauron.,315544750.0,"{""director"": ""Peter Jackson"", ""cast"": [""Elijah Wood"", ""Ian McKellen"", ""Orlando Bloom"", ""Sean Bean""]}"
33,"https://m.media-amazon.com/images/M/MV5BMjMyNDkzMzI1OF5BMl5BanBnXkFtZTgwODcxODg5MjI@._V1_UX67_CR0,0,67,98_AL_.jpg",Thor: Ragnarok,2017,130,"Action, Adventure, Comedy","Imprisoned on the planet Sakaar, Thor must race against time to return to Asgard and stop Ragnarök, the destruction of his world, at the hands of the powerful and ruthless villain Hela.",315058289.0,"{""director"": ""Taika Waititi"", ""cast"": [""Chris Hemsworth"", ""Tom Hiddleston"", ""Cate Blanchett"", ""Mark Ruffalo""]}"
34,"https://m.media-amazon.com/images/M/MV5BOWZlMjFiYzgtMTUzNC00Y2IzLTk1NTMtZmNhMTczNTk0ODk1XkEyXkFqcGdeQXVyNTAyODkwOQ@@._V1_UX67_CR0,0,67,98_AL_.jpg",Star Wars: Episode VI - Return of the Jedi,1983,131,"Action, Adventure, Fantasy","After a daring mission to rescue Han Solo from Jabba the Hutt, the Rebels dispatch to Endor to destroy the second Death Star. Meanwhile, Luke struggles to help Darth Vader back from the dark side without falling into the Emperor's trap.",309125409.0,"{""director"": ""Richard Marquand"", ""cast"": [""Mark Hamill"", ""Harrison Ford"", ""Carrie Fisher"", ""Billy Dee Williams""]}"
35,"https://m.media-amazon.com/images/M/MV5BNGYyZGM5MGMtYTY2Ni00M2Y1LWIzNjQtYWUzM2VlNGVhMDNhXkEyXkFqcGdeQXVyMTMxODk2OTU@._V1_UX67_CR0,0,67,98_AL_.jpg",Pirates of the Caribbean: The Curse of the Black Pearl,2003,143,"Action, Adventure, Fantasy","Blacksmith Will Turner teams up with eccentric pirate ""Captain"" Jack Sparrow to save his love, the governor's daughter, from Jack's former pirate allies, who are now undead.",305413918.0,"{""director"": ""Gore Verbinski"", ""cast"": [""Johnny Depp"", ""Geoffrey Rush"", ""Orlando Bloom"", ""Keira Knightley""]}"
36,"https://m.media-amazon.com/images/M/MV5BMWZiNjE2OWItMTkwNy00ZWQzLWI0NTgtMWE0NjNiYTljN2Q1XkEyXkFqcGdeQXVyNzAwMjYxMzA@._V1_UX67_CR0,0,67,98_AL_.jpg",Skyfall,2012,143,"Action, Adventure, Thriller","James Bond's loyalty to M is tested when her past comes back to haunt her. When MI6 comes under attack, 007 must track down and destroy the threat, no matter how personal the cost.",304360277.0,"{""director"": ""Sam Mendes"", ""cast"": [""Daniel Craig"", ""Javier Bardem"", ""Naomie Harris"", ""Judi Dench""]}"
37,"https://m.media-amazon.com/images/M/MV5BMTcwNTE4MTUxMl5BMl5BanBnXkFtZTcwMDIyODM4OA@@._V1_UX67_CR0,0,67,98_AL_.jpg",The Hobbit: An Unexpected Journey,2012,169,"Adventure, Fantasy","A reluctant Hobbit, Bilbo Baggins, sets out to the Lonely Mountain with a spirited group of dwarves to reclaim their mountain home, and the gold within it from the dragon Smaug.",303003568.0,"{""director"": ""Peter Jackson"", ""cast"": [""Martin Freeman"", ""Ian McKellen"", ""Richard Armitage"", ""Andy Serkis""]}"
38,"https://m.media-amazon.com/images/M/MV5BNzU3NDg4NTAyNV5BMl5BanBnXkFtZTcwOTg2ODg1Mg@@._V1_UX67_CR0,0,67,98_AL_.jpg",Harry Potter and the Half-Blood Prince,2009,153,"Action, Adventure, Family","As Harry Potter begins his sixth year at Hogwarts, he discovers an old book marked as ""the property of the Half-Blood Prince"" and begins to learn more about Lord Voldemort's dark past.",301959197.0,"{""director"": ""David Yates"", ""cast"": [""Daniel Radcliffe"", ""Emma Watson"", ""Rupert Grint"", ""Michael Gambon""]}"
39,"https://m.media-amazon.com/images/M/MV5BMTQ2OTE1Mjk0N15BMl5BanBnXkFtZTcwODE3MDAwNA@@._V1_UX67_CR0,0,67,98_AL_.jpg",Harry Potter and the Deathly Hallows: Part 1,2010,146,"Adventure, Family, Fantasy","As Harry, Ron, and Hermione race against time and evil to destroy the Horcruxes, they uncover the existence of the three most powerful objects in the wizarding world: the Deathly Hallows.",295983305.0,"{""director"": ""David Yates"", ""cast"": [""Daniel Radcliffe"", ""Emma Watson"", ""Rupert Grint"", ""Bill Nighy""]}"
40,"https://m.media-amazon.com/images/M/MV5BMWM4NTFhYjctNzUyNi00NGMwLTk3NTYtMDIyNTZmMzRlYmQyXkEyXkFqcGdeQXVyMTAwMzUyOTc@._V1_UX67_CR0,0,67,98_AL_.jpg",The Sixth Sense,1999,107,"Drama, Mystery, Thriller",A boy who communicates with spirits seeks the help of a disheartened child psychologist.,293506292.0,"{""director"": ""M. Night Shyamalan"", ""cast"": [""Bruce Willis"", ""Haley Joel Osment"", ""Toni Collette"", ""Olivia Williams""]}"
41,"https://m.media-amazon.com/images/M/MV5BMTk3NDE2NzI4NF5BMl5BanBnXkFtZTgwNzE1MzEyMTE@._V1_UX67_CR0,0,67,98_AL_.jpg",Up,2009,96,"Animation, Adventure, Comedy","78-year-old Carl Fredricksen travels to Paradise Falls in his house equipped with balloons, inadvertently taking a young stowaway.",293004164.0,"{""director"": ""Pete Docter"", ""cast"": [""Bob Peterson"", ""Edward Asner"", ""Jordan Nagai"", ""John Ratzenberger""]}"
42,"https://m.media-amazon.com/images/M/MV5BMjAxMzY3NjcxNF5BMl5BanBnXkFtZTcwNTI5OTM0Mw@@._V1_UX67_CR0,0,67,98_AL_.jpg",Inception,2010,148,"Action, Adventure, Sci-Fi",A thief who steals corporate secrets through the use of dream-sharing technology is given the inverse task of planting an idea into the mind of a C.E.O.,292576195.0,"{""director"": ""Christopher Nolan"", ""cast"": [""Leonardo DiCaprio"", ""Joseph Gordon-Levitt"", ""Elliot Page"", ""Ken Watanabe""]}"
43,"https://m.media-amazon.com/images/M/MV5BYmU1NDRjNDgtMzhiMi00NjZmLTg5NGItZDNiZjU5NTU4OTE0XkEyXkFqcGdeQXVyNzkwMjQ5NzM@._V1_UX67_CR0,0,67,98_AL_.jpg",Star Wars: Episode V - The Empire Strikes Back,1980,124,"Action, Adventure, Fantasy","After the Rebels are brutally overpowered by the Empire on the ice planet Hoth, Luke Skywalker begins Jedi training with Yoda, while his friends are pursued by Darth Vader and a bounty hunter named Boba Fett all over the galaxy.",290475067.0,"{""director"": ""Irvin Kershner"", ""cast"": [""Mark Hamill"", ""Harrison Ford"", ""Carrie Fisher"", ""Billy Dee Williams""]}"
44,"https://m.media-amazon.com/images/M/MV5BMTI1NDMyMjExOF5BMl5BanBnXkFtZTcwOTc4MjQzMQ@@._V1_UX67_CR0,0,67,98_AL_.jpg",Harry Potter and the Goblet of Fire,2005,157,"Adventure, Family, Fantasy","Harry Potter finds himself competing in a hazardous tournament between rival schools of magic, but he is distracted by recurring nightmares.",290013036.0,"{""director"": ""Mike Newell"", ""cast"": [""Daniel Radcliffe"", ""Emma Watson"", ""Rupert Grint"", ""Eric Sykes""]}"
45,"https://m.media-amazon.com/images/M/MV5BMTY1NTI0ODUyOF5BMl5BanBnXkFtZTgwNTEyNjQ0MDE@._V1_UX67_CR0,0,67,98_AL_.jpg","Monsters, Inc.",2001,92,"Animation, Adventure, Comedy","In order to power the city, monsters have to scare children so that they scream. However, the children are toxic to the monsters, and after a child gets through, 2 monsters realize things may not be what they think.",289916256.0,"{""director"": ""Pete Docter"", ""cast"": [""David Silverman"", ""Lee Unkrich"", ""Billy Crystal"", ""John Goodman""]}"
46,"https://m.media-amazon.com/images/M/MV5BMzFkM2YwOTQtYzk2Mi00N2VlLWE3NTItN2YwNDg1YmY0ZDNmXkEyXkFqcGdeQXVyMTMxODk2OTU@._V1_UX67_CR0,0,67,98_AL_.jpg",Home Alone,1990,103,"Comedy, Family",An eight-year-old troublemaker must protect his house from a pair of burglars when he is accidentally left home alone by his family during Christmas vacation.,285761243.0,"{""director"": ""Chris Columbus"", ""cast"": [""Macaulay Culkin"", ""Joe Pesci"", ""Daniel Stern"", ""John Heard""]}"
47,"https://m.media-amazon.com/images/M/MV5BNGQwZjg5YmYtY2VkNC00NzliLTljYTctNzI5NmU3MjE2ODQzXkEyXkFqcGdeQXVyNzkwMjQ5NzM@._V1_UX67_CR0,0,67,98_AL_.jpg",The Hangover,2009,100,Comedy,"Three buddies wake up from a bachelor party in Las Vegas, with no memory of the previous night and the bachelor missing. They make their way around the city in order to find their friend before his wedding.",277322503.0,"{""director"": ""Todd Phillips"", ""cast"": [""Zach Galifianakis"", ""Bradley Cooper"", ""Justin Bartha"", ""Ed Helms""]}"
48,"https://m.media-amazon.com/images/M/MV5BNjE5MzYwMzYxMF5BMl5BanBnXkFtZTcwOTk4MTk0OQ@@._V1_UX67_CR0,0,67,98_AL_.jpg",Gravity,2013,91,"Drama, Sci-Fi, Thriller",Two astronauts work together to survive after an accident leaves them stranded in space.,274092705.0,"{""director"": ""Alfonso Cuar\u00f3n"", ""cast"": [""Sandra Bullock"", ""George Clooney"", ""Ed Harris"", ""Orto Ignatiussen""]}"
49,"https://m.media-amazon.com/images/M/MV5BOGZhM2FhNTItODAzNi00YjA0LWEyN2UtNjJlYWQzYzU1MDg5L2ltYWdlL2ltYWdlXkEyXkFqcGdeQXVyMTQxNzMzNDI@._V1_UX67_CR0,0,67,98_AL_.jpg",Shrek,2001,90,"Animation, Adventure, Comedy","A mean lord exiles fairytale creatures to the swamp of a grumpy ogre, who must go on a quest and rescue a princess for the lord in order to get his land back.",267665011.0,"{""director"": ""Andrew Adamson"", ""cast"": [""Vicky Jenson"", ""Mike Myers"", ""Eddie Murphy"", ""Cameron Diaz""]}"
50,"https://m.media-amazon.com/images/M/MV5BMTY5OTU0OTc2NV5BMl5BanBnXkFtZTcwMzU4MDcyMQ@@._V1_UX67_CR0,0,67,98_AL_.jpg",The Incredibles,2004,115,"Animation, Action, Adventure","A family of undercover superheroes, while trying to live the quiet suburban life, are forced into action to save the world.",261441092.0,"{""director"": ""Brad Bird"", ""cast"": [""Craig T. Nelson"", ""Samuel L. Jackson"", ""Holly Hunter"", ""Jason Lee""]}"
51,"https://m.media-amazon.com/images/M/MV5BMmVmODY1MzEtYTMwZC00MzNhLWFkNDMtZjAwM2EwODUxZTA5XkEyXkFqcGdeQXVyNTAyODkwOQ@@._V1_UX67_CR0,0,67,98_AL_.jpg",Jaws,1975,124,"Adventure, Thriller","When a killer shark unleashes chaos on a beach community, it's up to a local sheriff, a marine biologist, and an old seafarer to hunt the beast down.",260000000.0,"{""director"": ""Steven Spielberg"", ""cast"": [""Roy Scheider"", ""Robert Shaw"", ""Richard Dreyfuss"", ""Lorraine Gary""]}"
52,"https://m.media-amazon.com/images/M/MV5BMzA2NDkwODAwM15BMl5BanBnXkFtZTgwODk5MTgzMTE@._V1_UY98_CR0,0,67,98_AL_.jpg",Captain America: The Winter Soldier,2014,136,"Action, Adventure, Sci-Fi","As Steve Rogers struggles to embrace his role in the modern world, he teams up with a fellow Avenger and S.H.I.E.L.D agent, Black Widow, to battle a new threat from history: an assassin known as the Winter Soldier.",259766572.0,"{""director"": ""Anthony Russo"", ""cast"": [""Joe Russo"", ""Chris Evans"", ""Samuel L. Jackson"", ""Scarlett Johansson""]}"
53,"https://m.media-amazon.com/images/M/MV5BMzU0NDY0NDEzNV5BMl5BanBnXkFtZTgwOTIxNDU1MDE@._V1_UX67_CR0,0,67,98_AL_.jpg",The Hobbit: The Desolation of Smaug,2013,161,"Adventure, Fantasy","The dwarves, along with Bilbo Baggins and Gandalf the Grey, continue their quest to reclaim Erebor, their homeland, from Smaug. Bilbo Baggins is in possession of a mysterious and magical ring.",258366855.0,"{""director"": ""Peter Jackson"", ""cast"": [""Ian McKellen"", ""Martin Freeman"", ""Richard Armitage"", ""Ken Stott""]}"
54,"https://m.media-amazon.com/images/M/MV5BMTg4MDk1ODExN15BMl5BanBnXkFtZTgwNzIyNjg3MDE@._V1_UX67_CR0,0,67,98_AL_.jpg",The Lego Movie,2014,100,"Animation, Action, Adventure","An ordinary LEGO construction worker, thought to be the prophesied as ""special"", is recruited to join a quest to stop an evil tyrant from gluing the LEGO universe into eternal stasis.",257760692.0,"{""director"": ""Christopher Miller"", ""cast"": [""Phil Lord"", ""Chris Pratt"", ""Will Ferrell"", ""Elizabeth Banks""]}"
55,"https://m.media-amazon.com/images/M/MV5BMjE5NDQ5OTE4Ml5BMl5BanBnXkFtZTcwOTE3NDIzMw@@._V1_UX67_CR0,0,67,98_AL_.jpg",Star Trek,2009,127,"Action, Adventure, Sci-Fi",The brash James T. Kirk tries to live up to his father's legacy with Mr. Spock keeping him in check as a vengeful Romulan from the future creates black holes to destroy the Federation one planet at a time.,257730019.0,"{""director"": ""J.J. Abrams"", ""cast"": [""Chris Pine"", ""Zachary Quinto"", ""Simon Pegg"", ""Leonard Nimoy""]}"
56,"https://m.media-amazon.com/images/M/MV5BMjEzOTE3ODM3OF5BMl5BanBnXkFtZTcwMzYyODI4Mg@@._V1_UX67_CR0,0,67,98_AL_.jpg",The Blind Side,2009,129,"Biography, Drama, Sport","The story of Michael Oher, a homeless and traumatized boy who became an All-American football player and first-round NFL draft pick with the help of a caring woman and her family.",255959475.0,"{""director"": ""John Lee Hancock"", ""cast"": [""Quinton Aaron"", ""Sandra Bullock"", ""Tim McGraw"", ""Jae Head""]}"
57,"https://m.media-amazon.com/images/M/MV5BMTY3NjY0MTQ0Nl5BMl5BanBnXkFtZTcwMzQ2MTc0Mw@@._V1_UX67_CR0,0,67,98_AL_.jpg",Despicable Me,2010,95,"Animation, Comedy, Crime","When a criminal mastermind uses a trio of orphan girls as pawns for a grand scheme, he finds their love is profoundly changing him for the better.",251513985.0,"{""director"": ""Pierre Coffin"", ""cast"": [""Chris Renaud"", ""Steve Carell"", ""Jason Segel"", ""Russell Brand""]}"
58,"https://m.media-amazon.com/images/M/MV5BMTY4NTIwODg0N15BMl5BanBnXkFtZTcwOTc0MjEzMw@@._V1_UX67_CR0,0,67,98_AL_.jpg",Harry Potter and the Prisoner of Azkaban,2004,142,"Adventure, Family, Fantasy","Harry Potter, Ron and Hermione return to Hogwarts School of Witchcraft and Wizardry for their third year of study, where they delve into the mystery surrounding an escaped prisoner who poses a dangerous threat to the young wizard.",249358727.0,"{""director"": ""Alfonso Cuar\u00f3n"", ""cast"": [""Daniel Radcliffe"", ""Emma Watson"", ""Rupert Grint"", ""Richard Griffiths""]}"
59,"https://m.media-amazon.com/images/M/MV5BMjI4MzU5NTExNF5BMl5BanBnXkFtZTgwNzY1MTEwMDI@._V1_UX67_CR0,0,67,98_AL_.jpg",Moana,2016,107,"Animation, Adventure, Comedy","In Ancient Polynesia, when a terrible curse incurred by the Demigod Maui reaches Moana's island, she answers the Ocean's call to seek out the Demigod to set things right.",248757044.0,"{""director"": ""Ron Clements"", ""cast"": [""John Musker"", ""Don Hall"", ""Chris Williams"", ""Auli'i Cravalho""]}"
60,"https://m.media-amazon.com/images/M/MV5BMjA0ODEzMTc1Nl5BMl5BanBnXkFtZTcwODM2MjAxNA@@._V1_UX67_CR0,0,67,98_AL_.jpg",Raiders of the Lost Ark,1981,115,"Action, Adventure","In 1936, archaeologist and adventurer Indiana Jones is hired by the U.S. government to find the Ark of the Covenant before Adolf Hitler's Nazis can obtain its awesome powers.",248159971.0,"{""director"": ""Steven Spielberg"", ""cast"": [""Harrison Ford"", ""Karen Allen"", ""Paul Freeman"", ""John Rhys-Davies""]}"
61,"https://m.media-amazon.com/images/M/MV5BMWM5ZDcxMTYtNTEyNS00MDRkLWI3YTItNThmMGExMWY4NDIwXkEyXkFqcGdeQXVyNjUwNzk3NDc@._V1_UX67_CR0,0,67,98_AL_.jpg",Toy Story 2,1999,92,"Animation, Adventure, Comedy","When Woody is stolen by a toy collector, Buzz and his friends set out on a rescue mission to save Woody before he becomes a museum toy property with his roundup gang Jessie, Prospector, and Bullseye.",245852179.0,"{""director"": ""John Lasseter"", ""cast"": [""Ash Brannon"", ""Lee Unkrich"", ""Tom Hanks"", ""Tim Allen""]}"
62,"https://m.media-amazon.com/images/M/MV5BMTkxMjYyNzgwMl5BMl5BanBnXkFtZTgwMTE3MjYyMTE@._V1_UX67_CR0,0,67,98_AL_.jpg",Ghostbusters,1984,105,"Action, Comedy, Fantasy",Three former parapsychology professors set up shop as a unique ghost removal service.,238632124.0,"{""director"": ""Ivan Reitman"", ""cast"": [""Bill Murray"", ""Dan Aykroyd"", ""Sigourney Weaver"", ""Harold Ramis""]}"
63,"https://m.media-amazon.com/images/M/MV5BZGIzNWYzN2YtMjcwYS00YjQ3LWI2NjMtOTNiYTUyYjE2MGNkXkEyXkFqcGdeQXVyMTQxNzMzNDI@._V1_UX67_CR0,0,67,98_AL_.jpg",X-Men: Days of Future Past,2014,132,"Action, Adventure, Sci-Fi",The X-Men send Wolverine to the past in a desperate effort to change history and prevent an event that results in doom for both humans and mutants.,233921534.0,"{""director"": ""Bryan Singer"", ""cast"": [""Patrick Stewart"", ""Ian McKellen"", ""Hugh Jackman"", ""James McAvoy""]}"
64,"https://m.media-amazon.com/images/M/MV5BN2Y5ZTU4YjctMDRmMC00MTg4LWE1M2MtMjk4MzVmOTE4YjkzXkEyXkFqcGdeQXVyNTc1NTQxODI@._V1_UX67_CR0,0,67,98_AL_.jpg",Cast Away,2000,143,"Adventure, Drama, Romance",A FedEx executive undergoes a physical and emotional transformation after crash landing on a deserted island.,233632142.0,"{""director"": ""Robert Zemeckis"", ""cast"": [""Tom Hanks"", ""Helen Hunt"", ""Paul Sanchez"", ""Lari White""]}"
65,"https://m.media-amazon.com/images/M/MV5BYjhmMGMxZDYtMTkyNy00YWVmLTgyYmUtYTU3ZjcwNTBjN2I1XkEyXkFqcGdeQXVyNzkwMjQ5NzM@._V1_UX67_CR0,0,67,98_AL_.jpg",The Exorcist,1973,122,Horror,"When a 12-year-old girl is possessed by a mysterious entity, her mother seeks the help of two priests to save her.",232906145.0,"{""director"": ""William Friedkin"", ""cast"": [""Ellen Burstyn"", ""Max von Sydow"", ""Linda Blair"", ""Lee J. Cobb""]}"
66,"https://m.media-amazon.com/images/M/MV5BMTk2NzczOTgxNF5BMl5BanBnXkFtZTcwODQ5ODczOQ@@._V1_UX67_CR0,0,67,98_AL_.jpg",Star Trek Into Darkness,2013,132,"Action, Adventure, Sci-Fi","After the crew of the Enterprise find an unstoppable force of terror from within their own organization, Captain Kirk leads a manhunt to a war-zone world to capture a one-man weapon of mass destruction.",228778661.0,"{""director"": ""J.J. Abrams"", ""cast"": [""Chris Pine"", ""Zachary Quinto"", ""Zoe Saldana"", ""Benedict Cumberbatch""]}"
67,"https://m.media-amazon.com/images/M/MV5BMTc2MTQ3MDA1Nl5BMl5BanBnXkFtZTgwODA3OTI4NjE@._V1_UX67_CR0,0,67,98_AL_.jpg",The Martian,2015,144,"Adventure, Drama, Sci-Fi","An astronaut becomes stranded on Mars after his team assume him dead, and must rely on his ingenuity to find a way to signal to Earth that he is alive.",228433663.0,"{""director"": ""Ridley Scott"", ""cast"": [""Matt Damon"", ""Jessica Chastain"", ""Kristen Wiig"", ""Kate Mara""]}"
68,"https://m.media-amazon.com/images/M/MV5BNGNiNmU2YTMtZmU4OS00MjM0LTlmYWUtMjVlYjAzYjE2N2RjXkEyXkFqcGdeQXVyNDk3NzU2MTQ@._V1_UX67_CR0,0,67,98_AL_.jpg",The Bourne Ultimatum,2007,115,"Action, Mystery, Thriller",Jason Bourne dodges a ruthless C.I.A. official and his Agents from a new assassination program while searching for the origins of his life as a trained killer.,227471070.0,"{""director"": ""Paul Greengrass"", ""cast"": [""Matt Damon"", ""Edgar Ram\u00edrez"", ""Joan Allen"", ""Julia Stiles""]}"
69,"https://m.media-amazon.com/images/M/MV5BYzc5MTU4N2EtYTkyMi00NjdhLTg3NWEtMTY4OTEyMzJhZTAzXkEyXkFqcGdeQXVyNjc1NTYyMjg@._V1_UX67_CR0,0,67,98_AL_.jpg",Logan,2017,137,"Action, Drama, Sci-Fi","In a future where mutants are nearly extinct, an elderly and weary Logan leads a quiet life. But when Laura, a mutant child pursued by scientists, comes to him for help, he must get her to safety.",226277068.0,"{""director"": ""James Mangold"", ""cast"": [""Hugh Jackman"", ""Patrick Stewart"", ""Dafne Keen"", ""Boyd Holbrook""]}"
70,"https://m.media-amazon.com/images/M/MV5BMjExMTg5OTU0NF5BMl5BanBnXkFtZTcwMjMxMzMzMw@@._V1_UX67_CR0,0,67,98_AL_.jpg",WALL·E,2008,98,"Animation, Adventure, Family","In the distant future, a small waste-collecting robot inadvertently embarks on a space journey that will ultimately decide the fate of mankind.",223808164.0,"{""director"": ""Andrew Stanton"", ""cast"": [""Ben Burtt"", ""Elissa Knight"", ""Jeff Garlin"", ""Fred Willard""]}"
71,"https://m.media-amazon.com/images/M/MV5BMDliOTIzNmUtOTllOC00NDU3LWFiNjYtMGM0NDc1YTMxNjYxXkEyXkFqcGdeQXVyNTM3NzExMDQ@._V1_UY98_CR1,0,67,98_AL_.jpg",Big Hero 6,2014,102,"Animation, Action, Adventure","A special bond develops between plus-sized inflatable robot Baymax and prodigy Hiro Hamada, who together team up with a group of friends to form a band of high-tech heroes.",222527828.0,"{""director"": ""Don Hall"", ""cast"": [""Chris Williams"", ""Ryan Potter"", ""Scott Adsit"", ""Jamie Chung""]}"
72,"https://m.media-amazon.com/images/M/MV5BNjRlZmM0ODktY2RjNS00ZDdjLWJhZGYtNDljNWZkMGM5MTg0XkEyXkFqcGdeQXVyNjAwMjI5MDk@._V1_UX67_CR0,0,67,98_AL_.jpg",Mission: Impossible - Fallout,2018,147,"Action, Adventure, Thriller","Ethan Hunt and his IMF team, along with some familiar allies, race against time after a mission gone wrong.",220159104.0,"{""director"": ""Christopher McQuarrie"", ""cast"": [""Tom Cruise"", ""Henry Cavill"", ""Ving Rhames"", ""Simon Pegg""]}"
73,"https://m.media-amazon.com/images/M/MV5BMzE5MDM1NDktY2I0OC00YWI5LTk2NzUtYjczNDczOWQxYjM0XkEyXkFqcGdeQXVyMTQxNzMzNDI@._V1_UX67_CR0,0,67,98_AL_.jpg",Beauty and the Beast,1991,84,"Animation, Family, Fantasy",A prince cursed to spend his days as a hideous monster sets out to regain his humanity by earning a young woman's love.,218967620.0,"{""director"": ""Gary Trousdale"", ""cast"": [""Kirk Wise"", ""Paige O'Hara"", ""Robby Benson"", ""Jesse Corti""]}"
74,"https://m.media-amazon.com/images/M/MV5BMjA5NDQyMjc2NF5BMl5BanBnXkFtZTcwMjg5ODcyMw@@._V1_UX67_CR0,0,67,98_AL_.jpg",How to Train Your Dragon,2010,98,"Animation, Action, Adventure","A hapless young Viking who aspires to hunt dragons becomes the unlikely friend of a young dragon himself, and learns there may be more to the creatures than he assumed.",217581231.0,"{""director"": ""Dean DeBlois"", ""cast"": [""Chris Sanders"", ""Jay Baruchel"", ""Gerard Butler"", ""Christopher Mintz-Plasse""]}"
75,"https://m.media-amazon.com/images/M/MV5BY2Q2NDI1MjUtM2Q5ZS00MTFlLWJiYWEtNTZmNjQ3OGJkZDgxXkEyXkFqcGdeQXVyNTI4MjkwNjA@._V1_UX67_CR0,0,67,98_AL_.jpg",Aladdin,1992,90,"Animation, Adventure, Comedy",A kindhearted street urchin and a power-hungry Grand Vizier vie for a magic lamp that has the power to make their deepest wishes come true.,217350219.0,"{""director"": ""Ron Clements"", ""cast"": [""John Musker"", ""Scott Weinger"", ""Robin Williams"", ""Linda Larkin""]}"
76,"https://m.media-amazon.com/images/M/MV5BZjhkMDM4MWItZTVjOC00ZDRhLThmYTAtM2I5NzBmNmNlMzI1XkEyXkFqcGdeQXVyNDYyMDk5MTU@._V1_UX67_CR0,0,67,98_AL_.jpg",Saving Private Ryan,1998,169,"Drama, War","Following the Normandy Landings, a group of U.S. soldiers go behind enemy lines to retrieve a paratrooper whose brothers have been killed in action.",216540909.0,"{""director"": ""Steven Spielberg"", ""cast"": [""Tom Hanks"", ""Matt Damon"", ""Tom Sizemore"", ""Edward Burns""]}"
77,"https://m.media-amazon.com/images/M/MV5BMTA2NDc3Njg5NDVeQTJeQWpwZ15BbWU4MDc1NDcxNTUz._V1_UX67_CR0,0,67,98_AL_.jpg",Bohemian Rhapsody,2018,134,"Biography, Drama, Music","The story of the legendary British rock band Queen and lead singer Freddie Mercury, leading up to their famous performance at Live Aid (1985).",216428042.0,"{""director"": ""Bryan Singer"", ""cast"": [""Rami Malek"", ""Lucy Boynton"", ""Gwilym Lee"", ""Ben Hardy""]}"
78,"https://m.media-amazon.com/images/M/MV5BNmE5ZmE3OGItNTdlNC00YmMxLWEzNjctYzAwOGQ5ODg0OTI0XkEyXkFqcGdeQXVyMTMxODk2OTU@._V1_UX67_CR0,0,67,98_AL_.jpg",A Star Is Born,2018,136,"Drama, Music, Romance",A musician helps a young singer find fame as age and alcoholism send his own career into a downward spiral.,215288866.0,"{""director"": ""Bradley Cooper"", ""cast"": [""Lady Gaga"", ""Bradley Cooper"", ""Sam Elliott"", ""Greg Grunberg""]}"
79,"https://m.media-amazon.com/images/M/MV5BNWMxYTZlOTUtZDExMi00YzZmLTkwYTMtZmM2MmRjZmQ3OGY4XkEyXkFqcGdeQXVyMTAwMzUyMzUy._V1_UX67_CR0,0,67,98_AL_.jpg",300,2006,117,"Action, Drama",King Leonidas of Sparta and a force of 300 men fight the Persians at Thermopylae in 480 B.C.,210614939.0,"{""director"": ""Zack Snyder"", ""cast"": [""Gerard Butler"", ""Lena Headey"", ""David Wenham"", ""Dominic West""]}"
80,"https://m.media-amazon.com/images/M/MV5BZmU0M2Y1OGUtZjIxNi00ZjBkLTg1MjgtOWIyNThiZWIwYjRiXkEyXkFqcGdeQXVyMTQxNzMzNDI@._V1_UX67_CR0,0,67,98_AL_.jpg",Back to the Future,1985,116,"Adventure, Comedy, Sci-Fi","Marty McFly, a 17-year-old high school student, is accidentally sent thirty years into the past in a time-traveling DeLorean invented by his close friend, the eccentric scientist Doc Brown.",210609762.0,"{""director"": ""Robert Zemeckis"", ""cast"": [""Michael J. Fox"", ""Christopher Lloyd"", ""Lea Thompson"", ""Crispin Glover""]}"
81,"https://m.media-amazon.com/images/M/MV5BYjQ5NjM0Y2YtNjZkNC00ZDhkLWJjMWItN2QyNzFkMDE3ZjAxXkEyXkFqcGdeQXVyODIxMzk5NjA@._V1_UY98_CR1,0,67,98_AL_.jpg",Coco,2017,105,"Animation, Adventure, Family","Aspiring musician Miguel, confronted with his family's ancestral ban on music, enters the Land of the Dead to find his great-great-grandfather, a legendary singer.",209726015.0,"{""director"": ""Lee Unkrich"", ""cast"": [""Adrian Molina"", ""Anthony Gonzalez"", ""Gael Garc\u00eda Bernal"", ""Benjamin Bratt""]}"
82,"https://m.media-amazon.com/images/M/MV5BMTg0NjEwNjUxM15BMl5BanBnXkFtZTcwMzk0MjQ5Mg@@._V1_UX67_CR0,0,67,98_AL_.jpg",Sherlock Holmes,2009,128,"Action, Adventure, Mystery",Detective Sherlock Holmes and his stalwart partner Watson engage in a battle of wits and brawn with a nemesis whose plot is a threat to all of England.,209028679.0,"{""director"": ""Guy Ritchie"", ""cast"": [""Robert Downey Jr."", ""Jude Law"", ""Rachel McAdams"", ""Mark Strong""]}"
83,"https://m.media-amazon.com/images/M/MV5BMTgwODk3NDc1N15BMl5BanBnXkFtZTgwNTc1NjQwMjE@._V1_UX67_CR0,0,67,98_AL_.jpg",Dawn of the Planet of the Apes,2014,130,"Action, Adventure, Drama",A growing nation of genetically evolved apes led by Caesar is threatened by a band of human survivors of the devastating virus unleashed a decade earlier.,208545589.0,"{""director"": ""Matt Reeves"", ""cast"": [""Gary Oldman"", ""Keri Russell"", ""Andy Serkis"", ""Kodi Smit-McPhee""]}"
84,"https://m.media-amazon.com/images/M/MV5BOTY4YjI2N2MtYmFlMC00ZjcyLTg3YjEtMDQyM2ZjYzQ5YWFkXkEyXkFqcGdeQXVyMTQxNzMzNDI@._V1_UX67_CR0,0,67,98_AL_.jpg",Batman Begins,2005,140,"Action, Adventure","After training with his mentor, Batman begins his fight to free crime-ridden Gotham City from corruption.",206852432.0,"{""director"": ""Christopher Nolan"", ""cast"": [""Christian Bale"", ""Michael Caine"", ""Ken Watanabe"", ""Liam Neeson""]}"
85,"https://m.media-amazon.com/images/M/MV5BMTMzODU0NTkxMF5BMl5BanBnXkFtZTcwMjQ4MzMzMw@@._V1_UX67_CR0,0,67,98_AL_.jpg",Ratatouille,2007,111,"Animation, Adventure, Comedy",A rat who can cook makes an unusual alliance with a young kitchen worker at a famous restaurant.,206445654.0,"{""director"": ""Brad Bird"", ""cast"": [""Jan Pinkava"", ""Brad Garrett"", ""Lou Romano"", ""Patton Oswalt""]}"
86,"https://m.media-amazon.com/images/M/MV5BMGU2NzRmZjUtOGUxYS00ZjdjLWEwZWItY2NlM2JhNjkxNTFmXkEyXkFqcGdeQXVyNjU0OTQ0OTY@._V1_UX67_CR0,0,67,98_AL_.jpg",Terminator 2: Judgment Day,1991,137,"Action, Sci-Fi","A cyborg, identical to the one who failed to kill Sarah Connor, must now protect her teenage son, John Connor, from a more advanced and powerful cyborg.",204843350.0,"{""director"": ""James Cameron"", ""cast"": [""Arnold Schwarzenegger"", ""Linda Hamilton"", ""Edward Furlong"", ""Robert Patrick""]}"
87,"https://m.media-amazon.com/images/M/MV5BMTAxNDYxMjg0MjNeQTJeQWpwZ15BbWU3MDcyNTk2OTM@._V1_UX67_CR0,0,67,98_AL_.jpg",Tangled,2010,100,"Animation, Adventure, Comedy","The magically long-haired Rapunzel has spent her entire life in a tower, but now that a runaway thief has stumbled upon her, she is about to discover the world for the first time, and who she really is.",200821936.0,"{""director"": ""Nathan Greno"", ""cast"": [""Byron Howard"", ""Mandy Moore"", ""Zachary Levi"", ""Donna Murphy""]}"
88,"https://m.media-amazon.com/images/M/MV5BYjUyZWZkM2UtMzYxYy00ZmQ3LWFmZTQtOGE2YjBkNjA3YWZlXkEyXkFqcGdeQXVyNzkwMjQ5NzM@._V1_UX67_CR0,0,67,98_AL_.jpg",Gone with the Wind,1939,238,"Drama, History, Romance",A manipulative woman and a roguish man conduct a turbulent romance during the American Civil War and Reconstruction periods.,198676459.0,"{""director"": ""Victor Fleming"", ""cast"": [""George Cukor"", ""Sam Wood"", ""Clark Gable"", ""Vivien Leigh""]}"
89,"https://m.media-amazon.com/images/M/MV5BMjNkMzc2N2QtNjVlNS00ZTk5LTg0MTgtODY2MDAwNTMwZjBjXkEyXkFqcGdeQXVyNDk3NzU2MTQ@._V1_UX67_CR0,0,67,98_AL_.jpg",Indiana Jones and the Last Crusade,1989,127,"Action, Adventure","In 1938, after his father Professor Henry Jones, Sr. goes missing while pursuing the Holy Grail, Professor Henry ""Indiana"" Jones, Jr. finds himself up against Adolf Hitler's Nazis again to stop them from obtaining its powers.",197171806.0,"{""director"": ""Steven Spielberg"", ""cast"": [""Harrison Ford"", ""Sean Connery"", ""Alison Doody"", ""Denholm Elliott""]}"
90,"https://m.media-amazon.com/images/M/MV5BMDU2ZWJlMjktMTRhMy00ZTA5LWEzNDgtYmNmZTEwZTViZWJkXkEyXkFqcGdeQXVyNDQ2OTk4MzI@._V1_UX67_CR0,0,67,98_AL_.jpg",Toy Story,1995,81,"Animation, Adventure, Comedy",A cowboy doll is profoundly threatened and jealous when a new spaceman figure supplants him as top toy in a boy's room.,191796233.0,"{""director"": ""John Lasseter"", ""cast"": [""Tom Hanks"", ""Tim Allen"", ""Don Rickles"", ""Jim Varney""]}"
91,"https://m.media-amazon.com/images/M/MV5BMjMwNDkxMTgzOF5BMl5BanBnXkFtZTgwNTkwNTQ3NjM@._V1_UX67_CR0,0,67,98_AL_.jpg",Spider-Man: Into the Spider-Verse,2018,117,"Animation, Action, Adventure","Teen Miles Morales becomes the Spider-Man of his universe, and must join with five spider-powered individuals from other dimensions to stop a threat for all realities.",190241310.0,"{""director"": ""Bob Persichetti"", ""cast"": [""Peter Ramsey"", ""Rodney Rothman"", ""Shameik Moore"", ""Jake Johnson""]}"
92,"https://m.media-amazon.com/images/M/MV5BNzMxNTExOTkyMF5BMl5BanBnXkFtZTcwMzEyNDc0OA@@._V1_UX67_CR0,0,67,98_AL_.jpg",Wreck-It Ralph,2012,101,"Animation, Adventure, Comedy","A video game villain wants to be a hero and sets out to fulfill his dream, but his quest brings havoc to the whole arcade where he lives.",189422889.0,"{""director"": ""Rich Moore"", ""cast"": [""John C. Reilly"", ""Jack McBrayer"", ""Jane Lynch"", ""Sarah Silverman""]}"
93,"https://m.media-amazon.com/images/M/MV5BN2YyZjQ0NTEtNzU5MS00NGZkLTg0MTEtYzJmMWY3MWRhZjM2XkEyXkFqcGdeQXVyMDA4NzMyOA@@._V1_UX67_CR0,0,67,98_AL_.jpg",Dunkirk,2017,106,"Action, Drama, History","Allied soldiers from Belgium, the British Empire, and France are surrounded by the German Army and evacuated during a fierce battle in World War II.",188373161.0,"{""director"": ""Christopher Nolan"", ""cast"": [""Fionn Whitehead"", ""Barry Keoghan"", ""Mark Rylance"", ""Tom Hardy""]}"
94,"https://m.media-amazon.com/images/M/MV5BZjdkOTU3MDktN2IxOS00OGEyLWFmMjktY2FiMmZkNWIyODZiXkEyXkFqcGdeQXVyMTMxODk2OTU@._V1_UX67_CR0,0,67,98_AL_.jpg",Interstellar,2014,169,"Adventure, Drama, Sci-Fi",A team of explorers travel through a wormhole in space in an attempt to ensure humanity's survival.,188020017.0,"{""director"": ""Christopher Nolan"", ""cast"": [""Matthew McConaughey"", ""Anne Hathaway"", ""Jessica Chastain"", ""Mackenzie Foy""]}"
95,"https://m.media-amazon.com/images/M/MV5BMDliMmNhNDEtODUyOS00MjNlLTgxODEtN2U3NzIxMGVkZTA1L2ltYWdlXkEyXkFqcGdeQXVyNjU0OTQ0OTY@._V1_UX67_CR0,0,67,98_AL_.jpg",Gladiator,2000,155,"Action, Adventure, Drama",A former Roman General sets out to exact vengeance against the corrupt emperor who murdered his family and sent him into slavery.,187705427.0,"{""director"": ""Ridley Scott"", ""cast"": [""Russell Crowe"", ""Joaquin Phoenix"", ""Connie Nielsen"", ""Oliver Reed""]}"
96,"https://m.media-amazon.com/images/M/MV5BMTY3OTI5NDczN15BMl5BanBnXkFtZTcwNDA0NDY3Mw@@._V1_UX67_CR0,0,67,98_AL_.jpg",Dances with Wolves,1990,181,"Adventure, Drama, Western","Lieutenant John Dunbar, assigned to a remote western Civil War outpost, befriends wolves and Indians, making him an intolerable aberration in the military.",184208848.0,"{""director"": ""Kevin Costner"", ""cast"": [""Kevin Costner"", ""Mary McDonnell"", ""Graham Greene"", ""Rodney A. Grant""]}"
97,"https://m.media-amazon.com/images/M/MV5BYmFmOGZjYTItYjY1ZS00OWRiLTk0NDgtMjQ5MzBkYWE2YWE0XkEyXkFqcGdeQXVyNjU0OTQ0OTY@._V1_UX67_CR0,0,67,98_AL_.jpg",The Fugitive,1993,130,"Action, Crime, Drama","Dr. Richard Kimble, unjustly accused of murdering his wife, must find the real killer while being the target of a nationwide manhunt led by a seasoned U.S. Marshal.",183875760.0,"{""director"": ""Andrew Davis"", ""cast"": [""Harrison Ford"", ""Tommy Lee Jones"", ""Sela Ward"", ""Julianne Moore""]}"
98,"https://m.media-amazon.com/images/M/MV5BMDE5OWMzM2QtOTU2ZS00NzAyLWI2MDEtOTRlYjIxZGM0OWRjXkEyXkFqcGdeQXVyODE5NzE3OTE@._V1_UX67_CR0,0,67,98_AL_.jpg",The Revenant,2015,156,"Action, Adventure, Drama",A frontiersman on a fur trading expedition in the 1820s fights for survival after being mauled by a bear and left for dead by members of his own hunting team.,183637894.0,"{""director"": ""Alejandro G. I\u00f1\u00e1rritu"", ""cast"": [""Leonardo DiCaprio"", ""Tom Hardy"", ""Will Poulter"", ""Domhnall Gleeson""]}"
99,"https://m.media-amazon.com/images/M/MV5BYzVmYzVkMmUtOGRhMi00MTNmLThlMmUtZTljYjlkMjNkMjJkXkEyXkFqcGdeQXVyNDk3NzU2MTQ@._V1_UX67_CR0,0,67,98_AL_.jpg",Ocean's Eleven,2001,116,"Crime, Thriller",Danny Ocean and his ten accomplices plan to rob three Las Vegas casinos simultaneously.,183417150.0,"{""director"": ""Steven Soderbergh"", ""cast"": [""George Clooney"", ""Brad Pitt"", ""Julia Roberts"", ""Matt Damon""]}"
100,"https://m.media-amazon.com/images/M/MV5BMzVjNzI4NzYtMjE4NS00M2IzLWFkOWMtOTYwMWUzN2ZlNGVjL2ltYWdlL2ltYWdlXkEyXkFqcGdeQXVyMTQxNzMzNDI@._V1_UX67_CR0,0,67,98_AL_.jpg",Rain Man,1988,133,Drama,Selfish yuppie Charlie Babbitt's father left a fortune to his savant brother Raymond and a pittance to Charlie; they travel cross-country.,178800000.0,"{""director"": ""Barry Levinson"", ""cast"": [""Dustin Hoffman"", ""Tom Cruise"", ""Valeria Golino"", ""Gerald R. Molen""]}"
