user_id,name,phone_number,loyalty_points
1,Alice Martinez,+1-555-391-4340,147
2,Diana Rodriguez,+1-555-143-6699,386
3,Bob Williams,+1-555-786-6431,112
4,George Miller,+1-555-134-8869,10
5,Alice Williams,+1-555-144-5120,248
6,Bob Smith,+1-555-924-3653,30
7,Alice Johnson,+1-555-773-2120,361
8,Ian Davis,+1-555-187-8581,87
9,Bob Jones,+1-555-227-6586,454
10,Bob Garcia,+1-555-141-4088,315
11,Ian Jones,+1-555-555-7936,390
12,Alice Garcia,+1-555-644-2169,432
13,Ian Martinez,+1-555-589-5581,42
14,George Williams,+1-555-321-4689,466
15,Bob Jones,+1-555-511-1016,62
16,Bob Davis,+1-555-780-4859,100
17,Diana Rodriguez,+1-555-511-2336,92
18,Julia Brown,+1-555-195-1529,160
19,Charlie Smith,+1-555-256-2338,316
20,Fiona Miller,+1-555-264-2320,488
21,Ian Williams,+1-555-559-3927,66
22,Ethan Martinez,+1-555-410-8990,115
23,Julia Smith,+1-555-600-6942,472
24,Hannah Garcia,+1-555-403-4447,9
25,Alice Jones,+1-555-297-9190,108
26,Fiona Miller,+1-555-812-8841,133
27,Bob Martinez,+1-555-536-2829,102
28,Julia Johnson,+1-555-749-5933,9
29,Alice Brown,+1-555-574-1043,229
30,Ethan Johnson,+1-555-284-6718,467
31,Bob Garcia,+1-555-414-3497,322
32,Ethan Rodriguez,+1-555-174-2670,216
33,Fiona Johnson,+1-555-176-2109,427
34,Ian Garcia,+1-555-209-2467,288
35,Bob Johnson,+1-555-637-6646,67
36,Bob Williams,+1-555-411-8641,304
37,Julia Rodriguez,+1-555-217-6409,231
38,Fiona Davis,+1-555-510-4479,228
39,Bob Martinez,+1-555-218-2271,226
40,Julia Johnson,+1-555-478-7770,486
41,Fiona Rodriguez,+1-555-575-6561,416
42,Alice Brown,+1-555-977-4914,158
43,Ethan Miller,+1-555-417-9952,102
44,Fiona Davis,+1-555-977-4262,417
45,Hannah Davis,+1-555-640-7044,22
46,Ethan Brown,+1-555-109-8730,313
47,Charlie Smith,+1-555-152-2388,95
48,Hannah Williams,+1-555-438-9983,419
49,Hannah Brown,+1-555-829-1891,205
50,Bob Jones,+1-555-700-8280,156
51,Diana Jones,+1-555-162-2072,36
52,Fiona Davis,+1-555-751-7112,334
53,George Brown,+1-555-881-8001,109
54,Julia Williams,+1-555-848-2838,136
55,Ian Williams,+1-555-632-5637,428
56,Charlie Williams,+1-555-537-2496,236
57,Ian Garcia,+1-555-657-9004,120
58,Diana Davis,+1-555-421-3911,463
59,Fiona Garcia,+1-555-264-3190,431
60,Charlie Williams,+1-555-549-7643,107
61,Julia Davis,+1-555-597-5013,31
62,Hannah Jones,+1-555-748-4380,226
63,Ian Davis,+1-555-977-6224,48
64,Julia Martinez,+1-555-732-9907,189
65,Diana Brown,+1-555-403-3659,111
66,Ian Williams,+1-555-836-6851,417
67,Ethan Davis,+1-555-760-2233,433
68,Hannah Smith,+1-555-260-4027,344
69,Bob Martinez,+1-555-341-5361,461
70,Charlie Johnson,+1-555-133-5526,192
71,Julia Martinez,+1-555-769-2873,302
72,Ian Johnson,+1-555-498-5536,465
73,Alice Davis,+1-555-765-9576,21
74,Ian Williams,+1-555-199-8874,419
75,Ethan Brown,+1-555-876-4882,35
76,Ethan Brown,+1-555-435-1135,482
77,Diana Jones,+1-555-829-5115,168
78,George Garcia,+1-555-234-4727,102
79,Ethan Garcia,+1-555-210-1263,129
80,Charlie Martinez,+1-555-881-4038,98
81,Hannah Brown,+1-555-908-3792,118
82,Ian Jones,+1-555-219-1065,479
83,Ethan Jones,+1-555-881-9270,125
84,Bob Davis,+1-555-378-4628,348
85,Julia Smith,+1-555-886-7966,100
86,Diana Brown,+1-555-954-3443,25
87,Diana Johnson,+1-555-588-9903,279
88,Hannah Davis,+1-555-972-7511,25
89,Ethan Miller,+1-555-384-7215,362
90,Ethan Jones,+1-555-497-6961,53
91,Diana Garcia,+1-555-699-3967,339
92,Ethan Brown,+1-555-273-4384,492
93,Julia Smith,+1-555-723-8516,237
94,Alice Miller,+1-555-151-5641,56
95,Diana Miller,+1-555-207-5216,19
96,Julia Jones,+1-555-953-1859,489
97,Charlie Martinez,+1-555-182-1736,1
98,Charlie Williams,+1-555-193-5684,77
99,Diana Martinez,+1-555-116-8680,68
100,Diana Jones,+1-555-761-3920,253
101,Lucas Smith,+1-555-859-5506,125
102,Jack Jones,+1-555-854-2679,346
103,Luna Williams,+1-555-704-7912,16
104,Noah Williams,+1-555-323-4811,258
105,Aria Smith,+1-555-674-4257,366
106,Luna Wilson,+1-555-325-8359,301
107,Owen Sanchez,+1-555-990-1106,388
108,Mateo Thompson,+1-555-532-6574,142
109,Theodore Miller,+1-555-881-6514,52
110,William Gonzalez,+1-555-199-6881,433
111,Ava Martin,+1-555-370-1711,373
112,Abigail Moore,+1-555-227-7201,40
113,Sofia Martinez,+1-555-949-6925,295
114,Sebastian Thompson,+1-555-171-1750,338
115,Jack Harris,+1-555-396-2307,437
116,Jack Ramirez,+1-555-203-7227,142
117,Abigail Lee,+1-555-954-6977,83
118,Sophia Lopez,+1-555-314-5374,359
119,Elijah Martin,+1-555-750-3803,273
120,Michael Garcia,+1-555-573-7216,138
121,Sofia Davis,+1-555-801-6313,431
122,James Davis,+1-555-941-1525,412
123,Emma Gonzalez,+1-555-374-2084,108
124,Avery Lewis,+1-555-835-6155,108
125,Ella Gonzalez,+1-555-758-8517,73
126,Alexander Jones,+1-555-352-9830,134
127,Mila Wilson,+1-555-697-7543,185
128,Jack Jones,+1-555-621-9085,46
129,James Ramirez,+1-555-212-3504,321
130,Mateo Sanchez,+1-555-796-7916,305
131,Elijah Gonzalez,+1-555-490-8668,270
132,Alexander Moore,+1-555-981-1188,348
133,Lucas Perez,+1-555-649-5371,393
134,Olivia Brown,+1-555-400-8123,80
135,Abigail Smith,+1-555-839-5315,497
136,Elizabeth Harris,+1-555-282-9317,467
137,Henry Ramirez,+1-555-740-5889,430
138,Elizabeth Martin,+1-555-303-3504,191
139,Mateo Moore,+1-555-897-9689,470
140,Liam Martin,+1-555-431-9005,9
141,Lucas Robinson,+1-555-471-6038,122
142,James Davis,+1-555-999-2290,43
143,Ella Clark,+1-555-170-9727,392
144,Benjamin Jones,+1-555-775-8787,484
145,Sofia Garcia,+1-555-371-9645,446
146,Aria Wilson,+1-555-316-9835,386
147,Sebastian Thompson,+1-555-419-7537,343
148,Sophia Anderson,+1-555-629-8397,61
149,Michael Davis,+1-555-165-6539,10
150,Mila Moore,+1-555-335-4608,3
151,Elijah Thompson,+1-555-746-1964,117
152,Elijah Lewis,+1-555-132-6413,36
153,Elizabeth Davis,+1-555-385-8953,109
154,Luna Jones,+1-555-840-8744,124
155,Emily Sanchez,+1-555-516-4119,48
156,Henry Perez,+1-555-541-6804,216
157,Amelia Anderson,+1-555-984-1887,344
158,Henry Johnson,+1-555-512-6559,409
159,Henry Davis,+1-555-296-4116,274
160,Evelyn Jones,+1-555-532-4006,142
161,Abigail Davis,+1-555-995-2235,226
162,Sofia Brown,+1-555-151-9856,428
163,Liam Williams,+1-555-871-4872,85
164,Amelia Thomas,+1-555-592-4502,442
165,Mia Lewis,+1-555-160-3697,194
166,Liam Gonzalez,+1-555-371-8454,146
167,Harper Thompson,+1-555-848-8973,79
168,Sebastian Martinez,+1-555-322-1958,296
169,Luna Johnson,+1-555-865-6138,29
170,James Jackson,+1-555-588-9238,470
171,Camila Garcia,+1-555-158-9320,41
172,Levi Williams,+1-555-709-2113,345
173,Michael Gonzalez,+1-555-222-5033,296
174,Aria Johnson,+1-555-734-2343,214
175,Mila Jackson,+1-555-635-6183,478
176,Alexander Miller,+1-555-785-6147,122
177,Alexander Gonzalez,+1-555-234-5915,234
178,Emma Robinson,+1-555-869-2188,4
179,Abigail Martin,+1-555-676-2638,37
180,Luna Miller,+1-555-618-5345,67
181,Ava Lewis,+1-555-170-5002,189
182,Asher Garcia,+1-555-548-9900,360
183,Samuel Martin,+1-555-926-9666,4
184,Sofia Martinez,+1-555-779-2697,480
185,Benjamin Rodriguez,+1-555-218-2753,380
186,Sofia Jones,+1-555-378-5616,309
187,Daniel Thompson,+1-555-451-4335,351
188,Alexander Taylor,+1-555-600-5114,463
189,James Williams,+1-555-749-7939,424
190,Owen Johnson,+1-555-103-6464,394
191,Benjamin Lee,+1-555-368-3647,379
192,Evelyn Moore,+1-555-822-8007,287
193,Liam Brown,+1-555-177-3442,279
194,Oliver Clark,+1-555-478-3426,220
195,Benjamin Johnson,+1-555-415-6974,460
196,Oliver Lewis,+1-555-466-4441,349
197,Michael Perez,+1-555-205-6794,399
198,Sofia Lewis,+1-555-995-7658,498
199,Scarlett White,+1-555-258-4878,442
200,Mateo Sanchez,+1-555-930-3900,451
201,Amelia Smith,+1-555-283-6442,400
202,Amelia Sanchez,+1-555-785-5065,136
203,Mateo Sanchez,+1-555-818-2771,195
204,Oliver Ramirez,+1-555-581-4644,102
205,Abigail Lopez,+1-555-412-4728,114
206,Noah Perez,+1-555-297-7528,168
207,Owen Ramirez,+1-555-171-5573,179
208,Elizabeth Gonzalez,+1-555-795-9785,169
209,Noah Brown,+1-555-998-5279,91
210,Mila Rodriguez,+1-555-139-2776,305
211,Harper Lopez,+1-555-846-6139,223
212,Aria Taylor,+1-555-218-7311,460
213,Avery Miller,+1-555-360-1727,362
214,Harper Smith,+1-555-632-9821,351
215,Sebastian Lopez,+1-555-541-2146,485
216,Olivia Martin,+1-555-421-3041,368
217,Samuel Taylor,+1-555-416-7691,167
218,Mia Thompson,+1-555-402-3085,98
219,Amelia Perez,+1-555-488-3851,315
220,Avery Martinez,+1-555-515-9977,426
221,Liam Martinez,+1-555-393-4443,220
222,Mila Martin,+1-555-770-6279,238
223,Evelyn Anderson,+1-555-791-4501,261
224,Emily Sanchez,+1-555-915-3780,337
225,William Martinez,+1-555-627-6491,47
226,Michael Perez,+1-555-417-4680,412
227,Sebastian Jones,+1-555-125-1757,125
228,Emily Martin,+1-555-970-2193,233
229,Amelia Lewis,+1-555-744-4185,367
230,Isabella Thomas,+1-555-509-4997,75
231,Liam Lewis,+1-555-868-2746,398
232,Harper Davis,+1-555-280-9486,237
233,James Moore,+1-555-355-2988,233
234,Benjamin Sanchez,+1-555-575-9702,286
235,Aria Hernandez,+1-555-873-8251,313
236,Elizabeth Wilson,+1-555-950-9976,228
237,Mateo White,+1-555-982-8777,230
238,Alexander Harris,+1-555-353-5543,392
239,Camila Thomas,+1-555-741-4919,140
240,Evelyn Williams,+1-555-830-5681,120
241,Owen Hernandez,+1-555-427-9849,41
242,Benjamin Jones,+1-555-336-7275,355
243,Theodore Thompson,+1-555-319-2052,212
244,Amelia Hernandez,+1-555-655-8633,212
245,James Miller,+1-555-952-7883,199
246,Mila Thompson,+1-555-120-7232,244
247,Liam Lopez,+1-555-405-7389,436
248,Amelia Moore,+1-555-865-9947,409
249,Aria Lewis,+1-555-325-8999,112
250,Owen Wilson,+1-555-597-1475,199
251,Olivia Perez,+1-555-795-7624,370
252,Mateo Clark,+1-555-578-3091,318
253,Luna Smith,+1-555-503-1444,42
254,Harper Jones,+1-555-987-8564,93
255,James Rodriguez,+1-555-488-6363,108
256,Abigail Hernandez,+1-555-445-7211,142
257,Amelia Rodriguez,+1-555-954-2341,240
258,Noah White,+1-555-652-1853,487
259,Ava Davis,+1-555-765-2124,399
260,Oliver Harris,+1-555-131-5051,102
261,Noah Martin,+1-555-256-4908,64
262,Emily Perez,+1-555-217-4571,238
263,Alexander Harris,+1-555-477-3749,310
264,Aria White,+1-555-835-2876,398
265,Mateo Martinez,+1-555-210-1420,475
266,Samuel Jackson,+1-555-793-7149,203
267,Sebastian Williams,+1-555-706-4978,52
268,Samuel Ramirez,+1-555-800-2983,407
269,Avery Sanchez,+1-555-142-6688,272
270,Harper Perez,+1-555-479-2129,259
271,Olivia Smith,+1-555-969-7882,421
272,Ella Brown,+1-555-543-6934,325
273,Abigail Thompson,+1-555-256-8135,90
274,Camila Lee,+1-555-376-9817,396
275,Emily Anderson,+1-555-546-5397,165
276,Michael Clark,+1-555-188-5569,451
277,Evelyn Davis,+1-555-868-8613,291
278,Scarlett Perez,+1-555-488-6511,14
279,Ella Ramirez,+1-555-432-3979,249
280,Daniel Lopez,+1-555-916-5232,174
281,Owen Lewis,+1-555-710-5526,284
282,Liam Taylor,+1-555-295-2402,123
283,Amelia Thomas,+1-555-668-4937,353
284,Emily Lee,+1-555-828-9041,229
285,Noah Williams,+1-555-401-4630,207
286,Michael Martinez,+1-555-779-7046,242
287,Sofia Taylor,+1-555-452-7971,381
288,Sofia Hernandez,+1-555-460-8434,138
289,Samuel Rodriguez,+1-555-336-2976,369
290,Sebastian Hernandez,+1-555-222-9779,486
291,Levi Miller,+1-555-321-8933,141
292,Mila Harris,+1-555-637-5636,51
293,Sebastian Martinez,+1-555-332-6912,91
294,Samuel Smith,+1-555-825-9751,64
295,Owen Johnson,+1-555-155-5786,357
296,Benjamin Lee,+1-555-989-9042,52
297,Liam Jackson,+1-555-391-8690,245
298,Evelyn Hernandez,+1-555-288-1841,129
299,Emily Brown,+1-555-941-2070,205
300,Ella Williams,+1-555-690-1878,77
301,Theodore Sanchez,+1-555-676-5978,43
302,Michael Brown,+1-555-671-7818,310
303,Aria Sanchez,+1-555-733-4697,397
304,Camila Gonzalez,+1-555-561-8253,152
305,Mila Wilson,+1-555-412-1986,312
306,Henry Harris,+1-555-312-4457,135
307,William Garcia,+1-555-345-3847,282
308,Elijah Garcia,+1-555-102-7693,230
309,Aria Thomas,+1-555-398-1534,118
310,Asher Thompson,+1-555-389-8438,36
311,Jack Robinson,+1-555-370-4241,217
312,Lucas Moore,+1-555-330-3441,465
313,Owen Clark,+1-555-245-2169,30
314,Mateo Sanchez,+1-555-414-5728,224
315,Lucas Anderson,+1-555-805-5982,358
316,Mia Rodriguez,+1-555-612-9847,252
317,Evelyn Williams,+1-555-712-1653,455
318,Harper White,+1-555-430-5102,13
319,William Davis,+1-555-790-1339,391
320,Owen Jackson,+1-555-141-3870,240
321,Camila Lee,+1-555-552-5557,92
322,Mila Wilson,+1-555-750-9056,496
323,William Thomas,+1-555-456-7690,170
324,Emma Perez,+1-555-207-3634,168
325,Amelia Thompson,+1-555-607-5722,339
326,Mia Clark,+1-555-878-1601,232
327,William Hernandez,+1-555-358-6296,59
328,Mia Ramirez,+1-555-626-1018,336
329,Luna Anderson,+1-555-523-1888,96
330,Camila Lopez,+1-555-737-9167,320
331,Evelyn Harris,+1-555-152-4335,136
332,Sofia Jones,+1-555-394-8178,450
333,Ella Brown,+1-555-129-4920,363
334,Mateo Martinez,+1-555-664-1224,282
335,Amelia Williams,+1-555-330-2858,236
336,Lucas Lee,+1-555-952-3522,255
337,Asher Taylor,+1-555-822-5479,212
338,Emily Thomas,+1-555-349-8483,282
339,Theodore Gonzalez,+1-555-295-9327,382
340,Benjamin Ramirez,+1-555-171-5526,395
341,Amelia Hernandez,+1-555-906-9318,136
342,Liam Martinez,+1-555-843-5891,428
343,Mila Jackson,+1-555-775-9022,443
344,Theodore Anderson,+1-555-651-8935,176
345,Olivia Moore,+1-555-881-9903,193
346,Abigail Robinson,+1-555-429-4090,357
347,Michael Jackson,+1-555-492-4826,438
348,Amelia Johnson,+1-555-425-8749,361
349,Isabella Gonzalez,+1-555-779-3492,253
350,Oliver Jones,+1-555-614-6439,445
351,Henry Ramirez,+1-555-965-8213,51
352,Camila Robinson,+1-555-567-1251,369
353,Theodore Wilson,+1-555-991-3529,38
354,Emily Sanchez,+1-555-371-6546,319
355,Mia Lee,+1-555-182-6383,436
356,Luna Gonzalez,+1-555-424-8994,446
357,Luna Johnson,+1-555-732-2121,120
358,Asher Davis,+1-555-864-2480,222
359,Henry Harris,+1-555-748-2646,227
360,Mateo Thompson,+1-555-406-1474,23
361,Emma Sanchez,+1-555-157-5806,183
362,Sophia Wilson,+1-555-249-5000,271
363,Amelia Jackson,+1-555-798-3950,87
364,Levi Williams,+1-555-724-7267,317
365,Michael Thomas,+1-555-697-3344,118
366,Abigail Lee,+1-555-360-8529,130
367,Liam Lewis,+1-555-923-8622,461
368,Asher Perez,+1-555-659-3588,37
369,Evelyn Lopez,+1-555-701-5901,327
370,Harper Thompson,+1-555-356-8484,432
371,Samuel Miller,+1-555-493-8916,54
372,Michael Gonzalez,+1-555-685-6881,294
373,Asher Thompson,+1-555-402-1359,500
374,Mia Rodriguez,+1-555-108-1803,466
375,Aria White,+1-555-608-5689,397
376,Jack Martin,+1-555-921-6772,112
377,Sebastian Martin,+1-555-356-3240,321
378,Henry Lewis,+1-555-742-1645,158
379,Evelyn Johnson,+1-555-693-6977,374
380,Benjamin Williams,+1-555-402-6352,382
381,Amelia Garcia,+1-555-305-3165,402
382,Luna Lewis,+1-555-474-9697,256
383,Owen Clark,+1-555-268-5210,467
384,Emily Sanchez,+1-555-402-6549,411
385,Lucas Anderson,+1-555-177-3306,386
386,Jack Ramirez,+1-555-792-7511,495
387,Sofia Lopez,+1-555-192-7464,7
388,Alexander Moore,+1-555-226-8451,188
389,Alexander Jackson,+1-555-490-7086,55
390,Jack Thomas,+1-555-125-6374,468
391,Scarlett Davis,+1-555-763-2035,325
392,Abigail Robinson,+1-555-817-5951,332
393,Amelia Brown,+1-555-243-1742,484
394,Oliver Martinez,+1-555-604-2902,49
395,Michael Lewis,+1-555-650-3222,198
396,Abigail Lopez,+1-555-786-9850,214
397,Mila White,+1-555-844-3531,453
398,Amelia Lee,+1-555-201-9017,315
399,Amelia Rodriguez,+1-555-133-7070,111
400,Evelyn Anderson,+1-555-341-6942,50
